,time_stamp,cpu_util_percent,mem_util_percent,mem_gps,mkpi,net_in,net_out,disk_io_percent
0,300,0.0,0.0,0.0,0.0,0.0,0.0,0.0
1,600,0.0,0.0,0.0,0.0,0.0,0.0,0.0
2,900,0.0,0.0,0.0,0.0,0.0,0.0,0.0
3,1200,0.0,0.0,0.0,0.0,0.0,0.0,0.0
4,1500,0.0,0.0,0.0,0.0,0.0,0.0,0.0
5,1800,0.0,0.0,0.0,0.0,0.0,0.0,0.0
6,2100,0.0,0.0,0.0,0.0,0.0,0.0,0.0
7,2400,0.0,0.0,0.0,0.0,0.0,0.0,0.0
8,2700,0.0,0.0,0.0,0.0,0.0,0.0,0.0
9,3000,0.0,0.0,0.0,0.0,0.0,0.0,0.0
10,3300,0.0,0.0,0.0,0.0,0.0,0.0,0.0
11,3600,0.0,0.0,0.0,0.0,0.0,0.0,0.0
12,3900,0.0,0.0,0.0,0.0,0.0,0.0,0.0
13,4200,0.0,0.0,0.0,0.0,0.0,0.0,0.0
14,4500,0.0,0.0,0.0,0.0,0.0,0.0,0.0
15,4800,0.0,0.0,0.0,0.0,0.0,0.0,0.0
16,5100,0.0,0.0,0.0,0.0,0.0,0.0,0.0
17,5400,0.0,0.0,0.0,0.0,0.0,0.0,0.0
18,5700,0.0,0.0,0.0,0.0,0.0,0.0,0.0
19,6000,0.0,0.0,0.0,0.0,0.0,0.0,0.0
20,6300,0.0,0.0,0.0,0.0,0.0,0.0,0.0
21,6600,0.0,0.0,0.0,0.0,0.0,0.0,0.0
22,6900,0.0,0.0,0.0,0.0,0.0,0.0,0.0
23,7200,0.0,0.0,0.0,0.0,0.0,0.0,0.0
24,7500,0.0,0.0,0.0,0.0,0.0,0.0,0.0
25,7800,0.0,0.0,0.0,0.0,0.0,0.0,0.0
26,8100,0.0,0.0,0.0,0.0,0.0,0.0,0.0
27,8400,0.0,0.0,0.0,0.0,0.0,0.0,0.0
28,8700,0.0,0.0,0.0,0.0,0.0,0.0,0.0
29,9000,0.0,0.0,0.0,0.0,0.0,0.0,0.0
30,9300,0.0,0.0,0.0,0.0,0.0,0.0,0.0
31,9600,0.0,0.0,0.0,0.0,0.0,0.0,0.0
32,9900,0.0,0.0,0.0,0.0,0.0,0.0,0.0
33,10200,0.0,0.0,0.0,0.0,0.0,0.0,0.0
34,10500,0.0,0.0,0.0,0.0,0.0,0.0,0.0
35,10800,0.0,0.0,0.0,0.0,0.0,0.0,0.0
36,11100,0.0,0.0,0.0,0.0,0.0,0.0,0.0
37,11400,0.0,0.0,0.0,0.0,0.0,0.0,0.0
38,11700,0.0,0.0,0.0,0.0,0.0,0.0,0.0
39,12000,0.0,0.0,0.0,0.0,0.0,0.0,0.0
40,12300,0.0,0.0,0.0,0.0,0.0,0.0,0.0
41,12600,0.0,0.0,0.0,0.0,0.0,0.0,0.0
42,12900,0.0,0.0,0.0,0.0,0.0,0.0,0.0
43,13200,0.0,0.0,0.0,0.0,0.0,0.0,0.0
44,13500,0.0,0.0,0.0,0.0,0.0,0.0,0.0
45,13800,0.0,0.0,0.0,0.0,0.0,0.0,0.0
46,14100,0.0,0.0,0.0,0.0,0.0,0.0,0.0
47,14400,0.0,0.0,0.0,0.0,0.0,0.0,0.0
48,14700,0.0,0.0,0.0,0.0,0.0,0.0,0.0
49,15000,41.0,95.0,0.0,0.0,39.96,31.84,4.333333333333333
50,15300,35.25,93.5,0.0,0.0,39.9675,31.84,4.0
51,15600,29.75,92.5,0.0,0.0,39.9725,31.85,5.75
52,15900,29.833333333333332,91.16666666666667,0.0,0.0,39.98,31.849999999999998,6.0
53,16200,23.5,90.75,0.0,0.0,39.9825,31.85,4.0
54,16500,27.0,93.0,0.0,0.0,39.99,31.85,5.0
55,16800,23.666666666666668,92.33333333333333,0.0,0.0,39.99,31.86,2.0
56,17100,21.5,91.5,0.0,0.0,40.0,31.86,2.5
57,17400,49.666666666666664,94.66666666666667,0.0,0.0,40.0,31.86,3.0
58,17700,33.125,94.25,0.0,0.0,40.01,31.87,3.375
59,18000,28.75,93.0,0.0,0.0,40.01,31.87,4.0
60,18300,29.333333333333332,93.83333333333333,0.0,0.0,40.013333333333335,31.87,5.0
61,18600,21.75,92.0,0.0,0.0,40.02,31.877499999999998,2.5
62,18900,25.6,90.6,0.0,0.0,40.024,31.880000000000003,2.8
63,19200,29.166666666666668,91.0,0.0,0.0,40.03,31.88,12.166666666666666
64,19500,17.5,87.375,0.0,0.0,40.03,31.889999999999993,26.875
65,19800,38.0,94.0,0.0,0.0,40.04,31.89,6.0
66,20100,42.0,92.75,0.0,0.0,40.045,31.8925,9.5
67,20400,50.5,94.5,0.0,0.0,40.055,31.9,19.5
68,20700,47.0,95.75,0.0,0.0,40.065,31.9,15.75
69,21000,45.0,92.0,0.0,0.0,40.07,31.91,11.0
70,21300,44.0,91.66666666666667,0.0,0.0,40.08,31.91,7.333333333333333
71,21600,51.666666666666664,93.0,0.0,0.0,40.083333333333336,31.916666666666668,8.0
72,21900,48.0,90.0,0.0,0.0,40.09,31.92,7.5
73,22200,41.0,90.0,0.0,0.0,40.1,31.92,11.0
74,22500,52.0,90.5,0.0,0.0,40.105000000000004,31.93,12.5
75,22800,81.0,93.66666666666667,0.0,0.0,40.126666666666665,31.936666666666667,12.0
76,23100,74.66666666666667,93.33333333333333,0.0,0.0,40.14333333333334,31.94,9.0
77,23400,63.333333333333336,92.66666666666667,0.0,0.0,40.15,31.94,8.0
78,23700,63.333333333333336,92.66666666666667,0.0,0.0,40.15,31.94,8.0
79,24000,59.0,93.66666666666667,0.0,0.0,40.17,31.956666666666667,14.0
80,24300,53.0,94.5,0.0,0.0,40.175,31.96,7.5
81,24600,56.0,97.0,0.0,0.0,40.18,31.96,6.0
82,24900,46.666666666666664,91.0,0.0,0.0,40.19,31.97,11.0
83,25200,41.0,89.0,0.0,0.0,40.195,31.9725,9.75
84,25500,41.0,89.0,0.0,0.0,40.195,31.9725,9.75
85,25800,45.333333333333336,90.66666666666667,0.0,0.0,40.21,31.99,16.833333333333332
86,26100,39.0,89.0,0.0,0.0,40.22,31.99,21.0
87,26400,39.0,89.0,0.0,0.0,40.22,31.99,21.0
88,26700,39.0,89.0,0.0,0.0,40.22,31.99,21.0
89,27000,39.0,89.0,0.0,0.0,40.22,31.99,21.0
90,27300,39.0,89.0,0.0,0.0,40.22,31.99,21.0
91,27600,51.0,92.5,0.0,0.0,40.25,32.02,6.0
92,27900,38.4,92.6,0.0,0.0,40.25,32.028000000000006,6.6
93,28200,41.5,91.0,0.0,0.0,40.26,32.03,6.0
94,28500,40.6,91.6,0.0,0.0,40.264,32.035999999999994,8.0
95,28800,38.666666666666664,93.33333333333333,0.0,0.0,40.27,32.04,8.666666666666666
96,29100,38.666666666666664,93.33333333333333,0.0,0.0,40.27,32.04,8.666666666666666
97,29400,54.0,91.2,0.0,0.0,40.285999999999994,32.05,11.0
98,29700,42.333333333333336,93.0,0.0,0.0,40.29,32.056666666666665,6.666666666666667
99,30000,58.0,95.0,0.0,0.0,40.3,32.06,8.0
100,30300,58.0,95.0,0.0,0.0,40.3,32.06,8.0
101,30600,52.333333333333336,91.33333333333333,0.0,0.0,40.31,32.07,13.333333333333334
102,30900,54.8,92.8,0.0,0.0,40.314,32.08,6.4
103,31200,71.0,91.0,0.0,0.0,40.32,32.08,4.0
104,31500,31.75,86.5,0.0,0.0,40.33,32.09,6.0
105,31800,42.6,89.0,0.0,0.0,40.333999999999996,32.096,8.6
106,32100,35.0,88.0,0.0,0.0,40.34,32.1,5.0
107,32400,40.0,91.0,0.0,0.0,40.34,32.1,4.0
108,32700,39.0,88.0,0.0,0.0,40.35,32.11,5.0
109,33000,38.333333333333336,87.66666666666667,0.0,0.0,40.35,32.12,4.333333333333333
110,33300,38.333333333333336,87.66666666666667,0.0,0.0,40.35,32.12,4.333333333333333
111,33600,38.333333333333336,87.66666666666667,0.0,0.0,40.35,32.12,4.333333333333333
112,33900,38.333333333333336,87.66666666666667,0.0,0.0,40.35,32.12,4.333333333333333
113,34200,40.5,88.5,0.0,0.0,40.375,32.14,4.5
114,34500,33.0,88.0,0.0,0.0,40.38,32.14,6.0
115,34800,35.166666666666664,87.66666666666667,0.0,0.0,40.38,32.14833333333333,3.6666666666666665
116,35100,38.5,89.0,0.0,0.0,40.39,32.15,6.0
117,35400,36.0,88.5,0.0,0.0,40.395,32.16,3.75
118,35700,35.0,90.0,0.0,0.0,40.4,32.17,3.0
119,36000,35.25,89.0,0.0,0.0,40.41,32.175000000000004,5.25
120,36300,39.0,91.66666666666667,0.0,0.0,40.416666666666664,32.18333333333333,4.666666666666667
121,36600,38.0,89.0,0.0,0.0,40.43,32.195,4.5
122,36900,44.166666666666664,90.83333333333333,0.0,0.0,40.43,32.199999999999996,6.666666666666667
123,37200,44.166666666666664,90.83333333333333,0.0,0.0,40.43,32.199999999999996,6.666666666666667
124,37500,44.0,92.5,0.0,0.0,40.445,32.215,15.0
125,37800,37.4,86.0,0.0,0.0,40.454,32.23,4.0
126,38100,27.5,86.0,0.0,0.0,40.46,32.23,3.0
127,38400,42.75,86.0,0.0,0.0,40.46,32.237500000000004,21.75
128,38700,27.0,86.0,0.0,0.0,40.47,32.24,5.0
129,39000,40.5,87.75,0.0,0.0,40.47,32.24,4.5
130,39300,30.0,87.0,0.0,0.0,40.48,32.25,3.0
131,39600,25.75,87.0,0.0,0.0,40.48,32.25,4.0
132,39900,36.0,90.0,0.0,0.0,40.49,32.25,5.0
133,40200,42.5,90.5,0.0,0.0,40.49,32.26,4.5
134,40500,49.666666666666664,88.66666666666667,0.0,0.0,40.5,32.27,5.666666666666667
135,40800,47.2,87.8,0.0,0.0,40.5,32.27,6.0
136,41100,52.0,88.0,0.0,0.0,40.51,32.28,5.0
137,41400,38.333333333333336,89.66666666666667,0.0,0.0,40.51,32.28666666666666,5.0
138,41700,40.0,90.75,0.0,0.0,40.52,32.29,3.75
139,42000,30.0,89.0,0.0,0.0,40.53,32.3,4.0
140,42300,29.666666666666668,88.0,0.0,0.0,40.53,32.3,4.666666666666667
141,42600,30.571428571428573,88.42857142857143,0.0,0.0,40.53857142857142,32.30857142857143,14.714285714285714
142,42900,36.0,89.0,0.0,0.0,40.54,32.31,45.25
143,43200,36.0,89.0,0.0,0.0,40.54,32.31,45.25
144,43500,36.0,89.0,0.0,0.0,40.54,32.31,45.25
145,43800,36.0,89.0,0.0,0.0,40.54,32.31,45.25
146,44100,36.0,89.0,0.0,0.0,40.54,32.31,45.25
147,44400,36.0,89.0,0.0,0.0,40.54,32.31,45.25
148,44700,25.666666666666668,90.0,0.0,0.0,40.58,32.34,4.666666666666667
149,45000,25.5,90.0,0.0,0.0,40.58,32.35,4.5
150,45300,24.75,89.75,0.0,0.0,40.582499999999996,32.35,3.5
151,45600,46.0,91.5,0.0,0.0,40.59,32.36,3.0
152,45900,38.0,89.33333333333333,0.0,0.0,40.59,32.36,3.0
153,46200,33.333333333333336,92.5,0.0,0.0,40.6,32.36000000000001,3.3333333333333335
154,46500,33.333333333333336,92.5,0.0,0.0,40.6,32.36000000000001,3.3333333333333335
155,46800,33.333333333333336,92.5,0.0,0.0,40.6,32.36000000000001,3.3333333333333335
156,47100,33.333333333333336,92.5,0.0,0.0,40.6,32.36000000000001,3.3333333333333335
157,47400,33.333333333333336,92.5,0.0,0.0,40.6,32.36000000000001,3.3333333333333335
158,47700,33.333333333333336,92.5,0.0,0.0,40.6,32.36000000000001,3.3333333333333335
159,48000,33.333333333333336,92.5,0.0,0.0,40.6,32.36000000000001,3.3333333333333335
160,48300,33.333333333333336,92.5,0.0,0.0,40.6,32.36000000000001,3.3333333333333335
161,48600,33.333333333333336,92.5,0.0,0.0,40.6,32.36000000000001,3.3333333333333335
162,48900,33.333333333333336,92.5,0.0,0.0,40.6,32.36000000000001,3.3333333333333335
163,49200,33.333333333333336,92.5,0.0,0.0,40.6,32.36000000000001,3.3333333333333335
164,49500,33.333333333333336,92.5,0.0,0.0,40.6,32.36000000000001,3.3333333333333335
165,49800,33.333333333333336,92.5,0.0,0.0,40.6,32.36000000000001,3.3333333333333335
166,50100,33.333333333333336,92.5,0.0,0.0,40.6,32.36000000000001,3.3333333333333335
167,50400,33.333333333333336,92.5,0.0,0.0,40.6,32.36000000000001,3.3333333333333335
168,50700,33.333333333333336,92.5,0.0,0.0,40.6,32.36000000000001,3.3333333333333335
169,51000,33.333333333333336,92.5,0.0,0.0,40.6,32.36000000000001,3.3333333333333335
170,51300,33.333333333333336,92.5,0.0,0.0,40.6,32.36000000000001,3.3333333333333335
171,51600,33.333333333333336,92.5,0.0,0.0,40.6,32.36000000000001,3.3333333333333335
172,51900,33.333333333333336,92.5,0.0,0.0,40.6,32.36000000000001,3.3333333333333335
173,52200,33.333333333333336,92.5,0.0,0.0,40.6,32.36000000000001,3.3333333333333335
174,52500,33.333333333333336,92.5,0.0,0.0,40.6,32.36000000000001,3.3333333333333335
175,52800,33.333333333333336,92.5,0.0,0.0,40.6,32.36000000000001,3.3333333333333335
176,53100,33.333333333333336,92.5,0.0,0.0,40.6,32.36000000000001,3.3333333333333335
177,53400,33.333333333333336,92.5,0.0,0.0,40.6,32.36000000000001,3.3333333333333335
178,53700,33.333333333333336,92.5,0.0,0.0,40.6,32.36000000000001,3.3333333333333335
179,54000,33.333333333333336,92.5,0.0,0.0,40.6,32.36000000000001,3.3333333333333335
180,54300,36.666666666666664,94.0,0.0,0.0,40.75,32.49,4.0
181,54600,35.0,95.5,0.0,0.0,40.7525,32.49,4.0
182,54900,34.5,92.75,0.0,0.0,40.76,32.4925,4.25
183,55200,36.666666666666664,93.0,0.0,0.0,40.76666666666667,32.5,4.0
184,55500,39.57142857142857,94.0,0.0,0.0,40.77,32.50142857142857,6.857142857142857
185,55800,36.666666666666664,94.33333333333333,0.0,0.0,40.77666666666667,32.51,5.0
186,56100,31.8,95.2,0.0,0.0,40.782,32.52,4.6
187,56400,39.0,95.0,0.0,0.0,40.79,32.52,4.0
188,56700,34.333333333333336,93.33333333333333,0.0,0.0,40.79,32.53,5.333333333333333
189,57000,39.0,95.5,0.0,0.0,40.8,32.53,4.5
190,57300,37.0,96.0,0.0,0.0,40.8,32.53,5.0
191,57600,42.4,95.8,0.0,0.0,40.81,32.54,4.0
192,57900,44.0,95.0,0.0,0.0,40.81,32.54,3.0
193,58200,38.75,97.25,0.0,0.0,40.825,32.5475,4.75
194,58500,32.0,94.0,0.0,0.0,40.83,32.55,6.0
195,58800,33.0,93.33333333333333,0.0,0.0,40.833333333333336,32.556666666666665,5.333333333333333
196,59100,36.0,94.0,0.0,0.0,40.84,32.56,5.0
197,59400,44.0,93.0,0.0,0.0,40.85,32.57,4.0
198,59700,37.5,93.5,0.0,0.0,40.85,32.57,5.5
199,60000,32.166666666666664,93.0,0.0,0.0,40.86000000000001,32.57666666666666,4.166666666666667
200,60300,28.4,92.0,0.0,0.0,40.866,32.58,3.4
201,60600,30.75,91.5,0.0,0.0,40.87,32.58,3.75
202,60900,75.0,97.0,0.0,0.0,40.87,32.58,5.0
203,61200,56.333333333333336,86.0,0.0,0.0,40.88,32.59,9.0
204,61500,33.0,80.5,0.0,0.0,40.88,32.6,6.0
205,61800,33.0,80.75,0.0,0.0,40.89,32.6,4.0
206,62100,41.0,79.0,0.0,0.0,40.89,32.6,5.0
207,62400,41.0,79.0,0.0,0.0,40.89,32.6,5.0
208,62700,38.5,81.66666666666667,0.0,0.0,40.90333333333333,32.61166666666667,4.166666666666667
209,63000,28.0,80.33333333333333,0.0,0.0,40.91,32.62,4.666666666666667
210,63300,30.0,80.5,0.0,0.0,40.91,32.62,4.0
211,63600,38.333333333333336,82.0,0.0,0.0,40.92,32.63,7.333333333333333
212,63900,36.0,82.5,0.0,0.0,40.93,32.63,8.5
213,64200,37.5,81.75,0.0,0.0,40.93,32.6375,12.0
214,64500,30.666666666666668,82.33333333333333,0.0,0.0,40.94,32.64,8.666666666666666
215,64800,24.5,81.0,0.0,0.0,40.945,32.644999999999996,4.5
216,65100,24.5,81.0,0.0,0.0,40.945,32.644999999999996,4.5
217,65400,40.333333333333336,84.0,0.0,0.0,40.95666666666667,32.65,5.0
218,65700,41.0,85.42857142857143,0.0,0.0,40.96142857142858,32.66,6.285714285714286
219,66000,35.666666666666664,87.66666666666667,0.0,0.0,40.97,32.66,4.0
220,66300,28.333333333333332,83.33333333333333,0.0,0.0,40.97,32.666666666666664,6.333333333333333
221,66600,24.666666666666668,83.0,0.0,0.0,40.98,32.67,6.0
222,66900,27.5,85.0,0.0,0.0,40.98,32.67,3.0
223,67200,22.8,82.0,0.0,0.0,40.98800000000001,32.68,3.4
224,67500,31.0,82.25,0.0,0.0,40.99,32.6825,5.5
225,67800,39.333333333333336,82.0,0.0,0.0,40.99666666666667,32.69,4.666666666666667
226,68100,25.0,84.0,0.0,0.0,41.0,32.69,3.0
227,68400,22.5,84.25,0.0,0.0,41.00749999999999,32.7,4.0
228,68700,22.333333333333332,83.0,0.0,0.0,41.01,32.7,6.0
229,69000,26.5,83.75,0.0,0.0,41.01,32.705000000000005,10.0
230,69300,25.8,83.4,0.0,0.0,41.02,32.71,6.0
231,69600,28.0,84.0,0.0,0.0,41.02333333333333,32.71,3.3333333333333335
232,69900,30.0,87.0,0.0,0.0,41.03,32.71,4.0
233,70200,19.0,83.0,0.0,0.0,41.04,32.72,3.0
234,70500,31.0,84.0,0.0,0.0,41.04,32.72,3.0
235,70800,17.0,83.0,0.0,0.0,41.04,32.72,3.0
236,71100,17.0,83.0,0.0,0.0,41.04,32.72,3.0
237,71400,24.142857142857142,84.71428571428571,0.0,0.0,41.050000000000004,32.73,3.0
238,71700,50.333333333333336,88.33333333333333,0.0,0.0,41.056666666666665,32.74,5.333333333333333
239,72000,61.5,94.0,0.0,0.0,41.06,32.74,14.5
240,72300,73.6,93.2,0.0,0.0,41.068,32.75,53.8
241,72600,29.0,70.33333333333333,0.0,0.0,41.07,32.75333333333333,4.333333333333333
242,72900,29.0,71.66666666666667,0.0,0.0,41.07666666666667,32.76,3.3333333333333335
243,73200,32.5,73.0,0.0,0.0,41.08,32.76,4.0
244,73500,31.0,72.66666666666667,0.0,0.0,41.09,32.77,5.333333333333333
245,73800,31.5,73.0,0.0,0.0,41.095,32.77,3.75
246,74100,43.25,72.0,0.0,0.0,41.1,32.775000000000006,4.25
247,74400,25.5,71.0,0.0,0.0,41.105000000000004,32.78,3.5
248,74700,28.0,71.25,0.0,0.0,41.11,32.78,6.75
249,75000,26.333333333333332,71.33333333333333,0.0,0.0,41.12,32.78666666666666,3.6666666666666665
250,75300,33.333333333333336,73.33333333333333,0.0,0.0,41.12,32.79,5.0
251,75600,31.666666666666668,74.66666666666667,0.0,0.0,41.123333333333335,32.79,3.3333333333333335
252,75900,31.5,75.25,0.0,0.0,41.13,32.7975,4.0
253,76200,30.0,75.0,0.0,0.0,41.14,32.8,4.0
254,76500,27.25,73.0,0.0,0.0,41.14,32.805,4.25
255,76800,28.666666666666668,72.83333333333333,0.0,0.0,41.141666666666666,32.81,4.333333333333333
256,77100,29.5,74.0,0.0,0.0,41.15,32.81,4.5
257,77400,29.5,74.0,0.0,0.0,41.15,32.81,4.5
258,77700,29.5,74.0,0.0,0.0,41.15,32.81,4.5
259,78000,29.5,74.0,0.0,0.0,41.15,32.81,4.5
260,78300,29.5,74.0,0.0,0.0,41.15,32.81,4.5
261,78600,29.5,74.0,0.0,0.0,41.15,32.81,4.5
262,78900,29.5,74.0,0.0,0.0,41.15,32.81,4.5
263,79200,29.5,74.0,0.0,0.0,41.15,32.81,4.5
264,79500,29.5,74.0,0.0,0.0,41.15,32.81,4.5
265,79800,29.5,74.0,0.0,0.0,41.15,32.81,4.5
266,80100,29.5,74.0,0.0,0.0,41.15,32.81,4.5
267,80400,29.5,74.0,0.0,0.0,41.15,32.81,4.5
268,80700,25.666666666666668,77.0,0.0,0.0,41.21,32.85,3.6666666666666665
269,81000,20.125,75.875,0.0,0.0,41.21,32.86000000000001,3.0
270,81300,21.75,75.75,0.0,0.0,41.2125,32.86,3.5
271,81600,25.0,76.4,0.0,0.0,41.22,32.86,3.4
272,81900,19.5,76.0,0.0,0.0,41.22,32.8675,2.75
273,82200,19.666666666666668,76.16666666666667,0.0,0.0,41.23,32.87,3.3333333333333335
274,82500,20.75,76.25,0.0,0.0,41.23,32.87,2.75
275,82800,25.0,81.25,0.0,0.0,41.23,32.87,2.75
276,83100,28.0,80.0,0.0,0.0,41.24,32.88,3.0
277,83400,23.0,78.0,0.0,0.0,41.24,32.88,4.0
278,83700,23.0,78.0,0.0,0.0,41.24,32.88,4.0
279,84000,29.5,80.0,0.0,0.0,41.25,32.885000000000005,2.5
280,84300,59.0,89.5,0.0,0.0,41.254999999999995,32.89,8.5
281,84600,62.5,95.0,0.0,0.0,41.26,32.89,16.75
282,84900,30.333333333333332,74.0,0.0,0.0,41.26,32.9,20.666666666666668
283,85200,38.4,76.6,0.0,0.0,41.262,32.9,25.0
284,85500,31.75,72.75,0.0,0.0,41.27,32.902499999999996,32.25
285,85800,31.75,72.75,0.0,0.0,41.27,32.902499999999996,32.25
286,86100,17.0,71.0,0.0,0.0,41.28,32.91,3.0
287,86400,19.5,73.0,0.0,0.0,41.28,32.91,2.0
288,86700,22.0,72.0,0.0,0.0,41.28,32.92,4.0
289,87000,30.0,73.0,0.0,0.0,41.29,32.92,3.0
290,87300,34.666666666666664,76.0,0.0,0.0,41.29,32.92,11.666666666666666
291,87600,47.0,82.5,0.0,0.0,41.3,32.93,15.0
292,87900,43.0,77.33333333333333,0.0,0.0,41.3,32.93,10.333333333333334
293,88200,31.333333333333332,77.0,0.0,0.0,41.31,32.94,5.666666666666667
294,88500,23.5,76.0,0.0,0.0,41.31,32.94,2.5
295,88800,28.8,75.0,0.0,0.0,41.318,32.946000000000005,4.8
296,89100,25.0,74.0,0.0,0.0,41.32,32.95,16.0
297,89400,31.833333333333332,76.16666666666667,0.0,0.0,41.32,32.949999999999996,14.166666666666666
298,89700,44.666666666666664,81.33333333333333,0.0,0.0,41.33,32.96,19.666666666666668
299,90000,39.666666666666664,81.33333333333333,0.0,0.0,41.33,32.96,26.333333333333332
300,90300,31.0,76.75,0.0,0.0,41.335,32.96,38.0
301,90600,26.0,78.0,0.0,0.0,41.34,32.97,31.5
302,90900,19.333333333333332,74.0,0.0,0.0,41.34,32.97,16.666666666666668
303,91200,34.0,79.0,0.0,0.0,41.35,32.98,4.0
304,91500,25.166666666666668,77.16666666666667,0.0,0.0,41.35,32.98,4.0
305,91800,23.0,76.0,0.0,0.0,41.35600000000001,32.98,2.2
306,92100,28.0,77.0,0.0,0.0,41.36,32.98,3.0
307,92400,30.5,83.5,0.0,0.0,41.36,32.99,2.0
308,92700,30.5,83.5,0.0,0.0,41.36,32.99,2.0
309,93000,30.0,82.0,0.0,0.0,41.37,32.99,3.0
310,93300,25.25,85.5,0.0,0.0,41.375,33.0,2.5
311,93600,32.75,84.25,0.0,0.0,41.38,33.0,2.75
312,93900,31.5,82.0,0.0,0.0,41.3875,33.0025,4.25
313,94200,37.5,82.0,0.0,0.0,41.39,33.01,3.25
314,94500,36.666666666666664,83.66666666666667,0.0,0.0,41.4,33.01,5.666666666666667
315,94800,39.0,85.0,0.0,0.0,41.4,33.02,4.0
316,95100,39.0,83.66666666666667,0.0,0.0,41.41,33.02,5.0
317,95400,30.0,83.0,0.0,0.0,41.42,33.03,6.0
318,95700,35.5,84.5,0.0,0.0,41.42,33.03,5.0
319,96000,31.0,83.8,0.0,0.0,41.424,33.03,3.4
320,96300,34.5,85.75,0.0,0.0,41.43,33.037499999999994,4.25
321,96600,35.0,83.0,0.0,0.0,41.43666666666667,33.04,3.3333333333333335
322,96900,32.0,82.66666666666667,0.0,0.0,41.443333333333335,33.04,4.666666666666667
323,97200,30.0,82.0,0.0,0.0,41.45,33.045,3.5
324,97500,33.0,86.66666666666667,0.0,0.0,41.45,33.05,3.6666666666666665
325,97800,46.666666666666664,88.66666666666667,0.0,0.0,41.46,33.056666666666665,6.0
326,98100,44.0,88.0,0.0,0.0,41.47,33.06,4.0
327,98400,31.0,84.0,0.0,0.0,41.47,33.06,4.0
328,98700,29.333333333333332,82.66666666666667,0.0,0.0,41.49,33.07,3.3333333333333335
329,99000,37.0,83.0,0.0,0.0,41.49,33.07,4.0
330,99300,37.0,83.0,0.0,0.0,41.49,33.07,4.0
331,99600,37.0,83.0,0.0,0.0,41.49,33.07,4.0
332,99900,37.0,83.0,0.0,0.0,41.49,33.07,4.0
333,100200,37.0,83.0,0.0,0.0,41.49,33.07,4.0
334,100500,37.0,83.0,0.0,0.0,41.49,33.07,4.0
335,100800,37.0,83.0,0.0,0.0,41.49,33.07,4.0
336,101100,37.0,83.0,0.0,0.0,41.49,33.07,4.0
337,101400,37.0,83.0,0.0,0.0,41.49,33.07,4.0
338,101700,37.0,83.0,0.0,0.0,41.49,33.07,4.0
339,102000,37.0,83.0,0.0,0.0,41.49,33.07,4.0
340,102300,37.0,83.0,0.0,0.0,41.49,33.07,4.0
341,102600,38.0,78.6,0.0,0.0,41.564,33.11,7.2
342,102900,32.0,81.0,0.0,0.0,41.57,33.12,4.0
343,103200,28.333333333333332,77.16666666666667,0.0,0.0,41.57999999999999,33.12,5.0
344,103500,40.75,79.5,0.0,0.0,41.58,33.12,10.0
345,103800,41.0,80.0,0.0,0.0,41.59,33.13,6.0
346,104100,41.0,80.0,0.0,0.0,41.59,33.13,6.0
347,104400,41.0,80.0,0.0,0.0,41.59,33.13,6.0
348,104700,41.0,80.0,0.0,0.0,41.59,33.13,6.0
349,105000,41.0,80.0,0.0,0.0,41.59,33.13,6.0
350,105300,50.0,94.0,0.0,0.0,41.62,33.15,7.0
351,105600,49.75,95.5,0.0,0.0,41.622499999999995,33.1575,12.5
352,105900,32.4,81.0,0.0,0.0,41.63,33.16,5.0
353,106200,38.6,80.2,0.0,0.0,41.632000000000005,33.17,6.4
354,106500,45.0,82.0,0.0,0.0,41.64,33.17,6.0
355,106800,45.0,82.0,0.0,0.0,41.64,33.17,6.0
356,107100,53.25,88.25,0.0,0.0,41.66,33.18,21.25
357,107400,46.5,86.0,0.0,0.0,41.665,33.185,18.0
358,107700,52.5,85.25,0.0,0.0,41.675000000000004,33.19,11.0
359,108000,55.5,83.0,0.0,0.0,41.68,33.2,14.0
360,108300,77.0,87.5,0.0,0.0,41.695,33.205,11.0
361,108600,80.66666666666667,89.66666666666667,0.0,0.0,41.71,33.21,11.0
362,108900,78.0,89.0,0.0,0.0,41.72,33.21,9.0
363,109200,65.0,83.33333333333333,0.0,0.0,41.73666666666667,33.22,14.333333333333334
364,109500,58.8,83.2,0.0,0.0,41.742000000000004,33.22,13.2
365,109800,61.0,83.0,0.0,0.0,41.75,33.23,10.0
366,110100,56.8,85.0,0.0,0.0,41.757999999999996,33.23,12.0
367,110400,53.166666666666664,85.66666666666667,0.0,0.0,41.76833333333334,33.24,9.5
368,110700,49.0,86.0,0.0,0.0,41.775000000000006,33.24,6.5
369,111000,61.0,86.5,0.0,0.0,41.79,33.25,8.0
370,111300,59.0,89.33333333333333,0.0,0.0,41.79666666666667,33.25333333333333,22.0
371,111600,52.666666666666664,86.66666666666667,0.0,0.0,41.803333333333335,33.26,16.0
372,111900,71.6,88.0,0.0,0.0,41.812,33.262,20.6
373,112200,54.0,91.5,0.0,0.0,41.82,33.27,11.25
374,112500,47.0,83.0,0.0,0.0,41.84,33.28,14.0
375,112800,56.0,86.25,0.0,0.0,41.84,33.28,18.0
376,113100,35.75,84.25,0.0,0.0,41.8475,33.29,7.75
377,113400,33.0,79.75,0.0,0.0,41.85,33.292500000000004,11.0
378,113700,47.0,86.66666666666667,0.0,0.0,41.85833333333334,33.300000000000004,7.0
379,114000,51.0,92.25,0.0,0.0,41.8675,33.307500000000005,5.5
380,114300,44.4,88.0,0.0,0.0,41.873999999999995,33.31,5.4
381,114600,49.25,85.25,0.0,0.0,41.88,33.317499999999995,10.0
382,114900,53.0,89.66666666666667,0.0,0.0,41.89,33.32333333333333,11.666666666666666
383,115200,51.0,89.33333333333333,0.0,0.0,41.89666666666667,33.33,7.666666666666667
384,115500,55.0,91.0,0.0,0.0,41.9,33.33,7.0
385,115800,52.666666666666664,91.66666666666667,0.0,0.0,41.91,33.34,11.0
386,116100,46.0,88.0,0.0,0.0,41.92,33.35,22.0
387,116400,42.4,87.8,0.0,0.0,41.924,33.35,6.2
388,116700,45.142857142857146,89.57142857142857,0.0,0.0,41.93,33.35857142857144,8.428571428571429
389,117000,45.142857142857146,89.57142857142857,0.0,0.0,41.93,33.35857142857144,8.428571428571429
390,117300,49.25,89.25,0.0,0.0,41.94,33.37,9.0
391,117600,38.5,86.5,0.0,0.0,41.95,33.38,8.5
392,117900,40.0,87.0,0.0,0.0,41.95,33.38,9.0
393,118200,42.5,85.0,0.0,0.0,41.96,33.39,4.0
394,118500,46.0,82.25,0.0,0.0,41.965,33.39,4.75
395,118800,35.0,82.75,0.0,0.0,41.97,33.4,3.5
396,119100,59.2,84.6,0.0,0.0,41.97599999999999,33.4,4.2
397,119400,49.666666666666664,87.33333333333333,0.0,0.0,41.99,33.40833333333333,4.333333333333333
398,119700,50.4,84.6,0.0,0.0,42.0,33.414,4.4
399,120000,43.6,85.4,0.0,0.0,42.007999999999996,33.42,5.4
400,120300,36.666666666666664,81.33333333333333,0.0,0.0,42.01,33.42,4.0
401,120600,33.0,81.5,0.0,0.0,42.015,33.43,4.5
402,120900,35.0,83.0,0.0,0.0,42.02,33.43,5.0
403,121200,38.8,84.4,0.0,0.0,42.03,33.443999999999996,5.8
404,121500,40.5,85.5,0.0,0.0,42.04,33.46,5.0
405,121800,39.75,86.25,0.0,0.0,42.04,33.4675,4.25
406,122100,37.5,86.0,0.0,0.0,42.05,33.48,4.5
407,122400,28.0,85.0,0.0,0.0,42.06,33.49,3.0
408,122700,41.333333333333336,87.0,0.0,0.0,42.07,33.5,4.0
409,123000,40.4,89.4,0.0,0.0,42.08,33.514,3.4
410,123300,40.5,86.0,0.0,0.0,42.09,33.5275,4.75
411,123600,55.5,85.25,0.0,0.0,42.1,33.54,4.0
412,123900,58.666666666666664,87.0,0.0,0.0,42.10333333333333,33.55,4.666666666666667
413,124200,53.333333333333336,89.66666666666667,0.0,0.0,42.11333333333334,33.56666666666666,3.6666666666666665
414,124500,35.5,87.5,0.0,0.0,42.125,33.58,13.5
415,124800,32.75,87.75,0.0,0.0,42.13,33.587500000000006,4.75
416,125100,30.0,87.2,0.0,0.0,42.138,33.6,4.0
417,125400,49.5,88.0,0.0,0.0,42.144999999999996,33.61,28.0
418,125700,28.2,84.6,0.0,0.0,42.15,33.62,11.8
419,126000,27.666666666666668,85.33333333333333,0.0,0.0,42.16,33.62,3.6666666666666665
420,126300,36.857142857142854,85.71428571428571,0.0,0.0,42.160000000000004,33.63,4.857142857142857
421,126600,38.6,85.8,0.0,0.0,42.168000000000006,33.632000000000005,4.4
422,126900,44.5,88.0,0.0,0.0,42.175,33.64,4.0
423,127200,56.833333333333336,86.0,0.0,0.0,42.181666666666665,33.645,5.666666666666667
424,127500,62.0,86.5,0.0,0.0,42.19,33.65,10.0
425,127800,58.0,91.0,0.0,0.0,42.2,33.66,46.0
426,128100,79.33333333333333,81.0,0.0,0.0,42.20666666666667,33.663333333333334,32.333333333333336
427,128400,37.0,69.0,0.0,0.0,42.21,33.67,9.0
428,128700,37.0,69.0,0.0,0.0,42.21,33.67,9.0
429,129000,37.0,69.0,0.0,0.0,42.21,33.67,9.0
430,129300,37.0,69.0,0.0,0.0,42.21,33.67,9.0
431,129600,37.0,69.0,0.0,0.0,42.21,33.67,9.0
432,129900,37.0,69.0,0.0,0.0,42.21,33.67,9.0
433,130200,37.0,69.0,0.0,0.0,42.21,33.67,9.0
434,130500,37.0,69.0,0.0,0.0,42.21,33.67,9.0
435,130800,37.0,69.0,0.0,0.0,42.21,33.67,9.0
436,131100,37.0,69.0,0.0,0.0,42.21,33.67,9.0
437,131400,37.0,69.0,0.0,0.0,42.21,33.67,9.0
438,131700,37.0,69.0,0.0,0.0,42.21,33.67,9.0
439,132000,37.0,69.0,0.0,0.0,42.21,33.67,9.0
440,132300,37.0,69.0,0.0,0.0,42.21,33.67,9.0
441,132600,37.0,69.0,0.0,0.0,42.21,33.67,9.0
442,132900,37.0,69.0,0.0,0.0,42.21,33.67,9.0
443,133200,37.0,69.0,0.0,0.0,42.21,33.67,9.0
444,133500,37.0,69.0,0.0,0.0,42.21,33.67,9.0
445,133800,37.0,69.0,0.0,0.0,42.21,33.67,9.0
446,134100,37.0,69.0,0.0,0.0,42.21,33.67,9.0
447,134400,34.25,74.0,0.0,0.0,42.33,33.78,4.0
448,134700,38.0,73.6,0.0,0.0,42.33800000000001,33.79,6.4
449,135000,30.0,73.0,0.0,0.0,42.34,33.79,3.0
450,135300,29.0,70.0,0.0,0.0,42.35,33.8,6.0
451,135600,29.0,70.0,0.0,0.0,42.35,33.8,6.0
452,135900,29.0,70.0,0.0,0.0,42.35,33.8,6.0
453,136200,29.0,70.0,0.0,0.0,42.35,33.8,6.0
454,136500,25.0,71.6,0.0,0.0,42.37,33.82,4.6
455,136800,28.0,73.0,0.0,0.0,42.38,33.83,8.0
456,137100,30.0,74.0,0.0,0.0,42.385000000000005,33.83,4.0
457,137400,33.333333333333336,75.0,0.0,0.0,42.39,33.84,5.333333333333333
458,137700,36.0,74.0,0.0,0.0,42.398,33.846,6.2
459,138000,28.0,73.0,0.0,0.0,42.41,33.85,5.0
460,138300,33.0,75.25,0.0,0.0,42.41,33.86,5.0
461,138600,31.0,74.0,0.0,0.0,42.42,33.86,3.0
462,138900,32.0,75.0,0.0,0.0,42.42,33.87,5.0
463,139200,29.333333333333332,73.33333333333333,0.0,0.0,42.43,33.873333333333335,3.3333333333333335
464,139500,33.8,75.2,0.0,0.0,42.434,33.88,5.0
465,139800,31.428571428571427,75.71428571428571,0.0,0.0,42.44,33.888571428571424,4.571428571428571
466,140100,31.0,75.33333333333333,0.0,0.0,42.45,33.89,4.666666666666667
467,140400,31.0,75.0,0.0,0.0,42.45666666666667,33.9,4.333333333333333
468,140700,27.333333333333332,75.66666666666667,0.0,0.0,42.46,33.9,4.0
469,141000,32.0,76.0,0.0,0.0,42.47,33.91,4.5
470,141300,32.0,76.0,0.0,0.0,42.47,33.91,4.5
471,141600,32.0,76.0,0.0,0.0,42.47,33.91,4.5
472,141900,32.0,76.0,0.0,0.0,42.47,33.91,4.5
473,142200,32.0,76.0,0.0,0.0,42.47,33.91,4.5
474,142500,32.0,76.0,0.0,0.0,42.47,33.91,4.5
475,142800,32.0,76.0,0.0,0.0,42.47,33.91,4.5
476,143100,32.0,76.0,0.0,0.0,42.47,33.91,4.5
477,143400,32.0,76.0,0.0,0.0,42.47,33.91,4.5
478,143700,32.0,76.0,0.0,0.0,42.47,33.91,4.5
479,144000,32.0,76.0,0.0,0.0,42.47,33.91,4.5
480,144300,32.0,76.0,0.0,0.0,42.47,33.91,4.5
481,144600,32.0,76.0,0.0,0.0,42.47,33.91,4.5
482,144900,32.0,76.0,0.0,0.0,42.47,33.91,4.5
483,145200,32.0,76.0,0.0,0.0,42.47,33.91,4.5
484,145500,32.0,76.0,0.0,0.0,42.47,33.91,4.5
485,145800,32.0,76.0,0.0,0.0,42.47,33.91,4.5
486,146100,32.0,76.0,0.0,0.0,42.47,33.91,4.5
487,146400,32.0,76.0,0.0,0.0,42.47,33.91,4.5
488,146700,32.0,76.0,0.0,0.0,42.47,33.91,4.5
489,147000,32.0,76.0,0.0,0.0,42.47,33.91,4.5
490,147300,32.0,76.0,0.0,0.0,42.47,33.91,4.5
491,147600,32.0,76.0,0.0,0.0,42.47,33.91,4.5
492,147900,32.0,76.0,0.0,0.0,42.47,33.91,4.5
493,148200,32.0,76.0,0.0,0.0,42.47,33.91,4.5
494,148500,32.0,76.0,0.0,0.0,42.47,33.91,4.5
495,148800,32.0,76.0,0.0,0.0,42.47,33.91,4.5
496,149100,32.0,76.0,0.0,0.0,42.47,33.91,4.5
497,149400,32.0,76.0,0.0,0.0,42.47,33.91,4.5
498,149700,32.0,76.0,0.0,0.0,42.47,33.91,4.5
499,150000,32.0,76.0,0.0,0.0,42.47,33.91,4.5
500,150300,32.0,76.0,0.0,0.0,42.47,33.91,4.5
501,150600,32.0,76.0,0.0,0.0,42.47,33.91,4.5
502,150900,32.0,76.0,0.0,0.0,42.47,33.91,4.5
503,151200,32.0,76.0,0.0,0.0,42.47,33.91,4.5
504,151500,32.0,76.0,0.0,0.0,42.47,33.91,4.5
505,151800,32.0,76.0,0.0,0.0,42.47,33.91,4.5
506,152100,32.0,76.0,0.0,0.0,42.47,33.91,4.5
507,152400,32.0,76.0,0.0,0.0,42.47,33.91,4.5
508,152700,32.0,76.0,0.0,0.0,42.47,33.91,4.5
509,153000,32.0,76.0,0.0,0.0,42.47,33.91,4.5
510,153300,32.0,76.0,0.0,0.0,42.47,33.91,4.5
511,153600,32.0,76.0,0.0,0.0,42.47,33.91,4.5
512,153900,32.0,76.0,0.0,0.0,42.47,33.91,4.5
513,154200,32.0,76.0,0.0,0.0,42.47,33.91,4.5
514,154500,32.0,76.0,0.0,0.0,42.47,33.91,4.5
515,154800,32.0,76.0,0.0,0.0,42.47,33.91,4.5
516,155100,32.0,76.0,0.0,0.0,42.47,33.91,4.5
517,155400,32.0,76.0,0.0,0.0,42.47,33.91,4.5
518,155700,32.0,76.0,0.0,0.0,42.47,33.91,4.5
519,156000,32.0,76.0,0.0,0.0,42.47,33.91,4.5
520,156300,32.0,76.0,0.0,0.0,42.47,33.91,4.5
521,156600,32.0,76.0,0.0,0.0,42.47,33.91,4.5
522,156900,32.0,76.0,0.0,0.0,42.47,33.91,4.5
523,157200,32.0,76.0,0.0,0.0,42.47,33.91,4.5
524,157500,32.0,76.0,0.0,0.0,42.47,33.91,4.5
525,157800,32.0,76.0,0.0,0.0,42.47,33.91,4.5
526,158100,32.0,76.0,0.0,0.0,42.47,33.91,4.5
527,158400,32.0,76.0,0.0,0.0,42.47,33.91,4.5
528,158700,32.0,76.0,0.0,0.0,42.47,33.91,4.5
529,159000,32.0,76.0,0.0,0.0,42.47,33.91,4.5
530,159300,32.0,76.0,0.0,0.0,42.47,33.91,4.5
531,159600,32.0,76.0,0.0,0.0,42.47,33.91,4.5
532,159900,32.0,76.0,0.0,0.0,42.47,33.91,4.5
533,160200,32.0,76.0,0.0,0.0,42.47,33.91,4.5
534,160500,32.0,76.0,0.0,0.0,42.47,33.91,4.5
535,160800,25.0,74.0,0.0,0.0,42.85,34.24,5.0
536,161100,32.333333333333336,75.83333333333333,0.0,0.0,42.86000000000001,34.24,4.0
537,161400,31.0,76.5,0.0,0.0,42.86,34.245000000000005,7.5
538,161700,37.5,76.0,0.0,0.0,42.87,34.25,6.0
539,162000,27.25,73.875,0.0,0.0,42.872499999999995,34.25874999999999,3.625
540,162300,27.25,73.875,0.0,0.0,42.872499999999995,34.25874999999999,3.625
541,162600,33.0,75.0,0.0,0.0,42.89,34.27,5.0
542,162900,40.0,76.0,0.0,0.0,42.9,34.27,13.0
543,163200,41.5,78.0,0.0,0.0,42.9,34.28,13.0
544,163500,42.75,77.75,0.0,0.0,42.91,34.28,17.0
545,163800,41.5,76.0,0.0,0.0,42.915,34.29,14.0
546,164100,36.333333333333336,77.33333333333333,0.0,0.0,42.919999999999995,34.29666666666667,11.0
547,164400,27.0,76.0,0.0,0.0,42.93,34.3,6.0
548,164700,25.333333333333332,76.33333333333333,0.0,0.0,42.93,34.303333333333335,8.333333333333334
549,165000,21.6,76.2,0.0,0.0,42.938,34.31,3.6
550,165300,23.0,75.66666666666667,0.0,0.0,42.95000000000001,34.31,2.6666666666666665
551,165600,36.0,75.5,0.0,0.0,42.95,34.32,2.0
552,165900,30.2,77.2,0.0,0.0,42.95400000000001,34.32,3.6
553,166200,18.0,76.0,0.0,0.0,42.96333333333333,34.33,3.3333333333333335
554,166500,25.0,75.66666666666667,0.0,0.0,42.97,34.33,2.6666666666666665
555,166800,27.5,77.25,0.0,0.0,42.97,34.332499999999996,3.0
556,167100,25.25,80.5,0.0,0.0,42.98,34.34,3.75
557,167400,25.25,80.5,0.0,0.0,42.98,34.34,3.75
558,167700,22.25,78.5,0.0,0.0,42.99,34.345,3.25
559,168000,23.0,79.0,0.0,0.0,42.99,34.35,4.0
560,168300,26.0,78.0,0.0,0.0,43.0,34.36,19.0
561,168600,25.333333333333332,79.0,0.0,0.0,43.0,34.36,11.333333333333334
562,168900,27.25,79.75,0.0,0.0,43.00749999999999,34.365,7.0
563,169200,27.25,79.75,0.0,0.0,43.00749999999999,34.365,7.0
564,169500,29.666666666666668,78.33333333333333,0.0,0.0,43.01666666666667,34.37,3.6666666666666665
565,169800,27.25,79.0,0.0,0.0,43.02,34.38,4.0
566,170100,22.0,79.5,0.0,0.0,43.03,34.38,2.5
567,170400,28.8,80.0,0.0,0.0,43.03,34.386,3.2
568,170700,23.0,80.0,0.0,0.0,43.035,34.39,3.5
569,171000,24.0,79.0,0.0,0.0,43.04,34.39,2.0
570,171300,18.0,79.0,0.0,0.0,43.05,34.4,3.0
571,171600,16.75,79.0,0.0,0.0,43.05,34.4,2.75
572,171900,22.0,79.2,0.0,0.0,43.05,34.403999999999996,4.8
573,172200,21.0,80.0,0.0,0.0,43.056,34.41,2.6
574,172500,19.0,79.25,0.0,0.0,43.06,34.41,3.0
575,172800,18.4,80.6,0.0,0.0,43.062,34.42,2.0
576,173100,28.0,81.0,0.0,0.0,43.07,34.42,2.5
