timestamp,min,max,avg
0,2.7440061569213867,17.75883674621582,4.660313129425049
300,2.7020697593688965,31.950214385986328,6.3857855796813965
600,2.742835760116577,4.723671913146973,3.4056320190429688
900,2.7207634449005127,7.41776180267334,3.799614667892456
1200,2.676840305328369,17.784053802490234,4.681529521942139
1500,2.7579963207244873,33.52191925048828,6.668334007263184
1800,2.823915958404541,4.266547679901123,3.3284013271331787
2100,2.734509229660034,7.557490348815918,3.7627978324890137
2400,2.7797887325286865,19.541685104370117,4.685882091522217
2700,2.7265851497650146,34.49640655517578,6.8728814125061035
3000,2.6802890300750732,8.461923599243164,3.974436044692993
3300,2.7967915534973145,7.681891441345215,3.897824287414551
3600,2.8722193241119385,18.138126373291016,4.589262008666992
3900,2.702816963195801,33.07197952270508,6.40686559677124
4200,2.7579874992370605,4.2873969078063965,3.3775877952575684
4500,2.67431902885437,7.3019185066223145,3.730756998062134
4800,2.7872562408447266,18.91238784790039,4.687992095947266
5100,2.813544511795044,31.233047485351562,6.530300140380859
5400,2.8762149810791016,4.158073425292969,3.345961093902588
5700,2.87190842628479,7.466965675354004,3.827578067779541
6000,2.8553829193115234,13.230466842651367,4.8386311531066895
6300,2.7337825298309326,32.543155670166016,6.46160364151001
6600,2.875537872314453,8.007569313049316,4.00059175491333
6900,2.6406962871551514,7.977848052978516,3.902662754058838
7200,2.87744402885437,16.225597381591797,4.660716533660889
7500,2.852996826171875,35.5531005859375,6.4961066246032715
7800,2.7372026443481445,4.479338645935059,3.429494857788086
8100,2.8401455879211426,7.8298726081848145,3.8138556480407715
8400,2.757631778717041,17.57330894470215,4.6847686767578125
8700,2.8048152923583984,34.74608612060547,6.479040145874023
9000,2.6304938793182373,4.031126499176025,3.346090316772461
9300,2.689190626144409,7.671778202056885,3.731226682662964
9600,2.879866600036621,20.0173282623291,4.690756797790527
9900,2.704475164413452,29.63507080078125,6.40172815322876
10200,2.830228328704834,7.107551574707031,3.9623634815216064
10500,2.8680520057678223,9.279194831848145,3.9704508781433105
10800,2.7793242931365967,18.295269012451172,4.572014808654785
11100,2.752492904663086,33.99197769165039,6.402863025665283
11400,2.861284017562866,5.200486183166504,3.3949670791625977
11700,2.7444093227386475,16.723907470703125,4.4421610832214355
12000,2.8792688846588135,20.182666778564453,4.694221496582031
12300,2.762056589126587,30.674152374267578,6.49184513092041
12600,2.712818145751953,4.3499555587768555,3.3162100315093994
12900,2.709672689437866,8.924854278564453,3.7686831951141357
13200,2.79697847366333,17.503982543945312,4.670295715332031
13500,2.7782180309295654,27.296586990356445,6.32028865814209
13800,2.704244375228882,5.468505859375,3.4961280822753906
14100,2.6612155437469482,8.831072807312012,4.2649827003479
14400,2.8783977031707764,16.704580307006836,4.62881326675415
14700,2.80949068069458,25.26276397705078,6.786698818206787
15000,2.8227853775024414,4.184534072875977,3.4053869247436523
15300,2.812232494354248,8.780868530273438,3.745640277862549
15600,2.9231154918670654,13.935105323791504,4.64906644821167
15900,2.8560380935668945,23.17470932006836,6.49135684967041
16200,2.881605863571167,4.604645252227783,3.411099910736084
16500,2.831960916519165,9.635700225830078,3.812481164932251
16800,2.774082899093628,87.12648010253906,15.84875202178955
17100,2.8681716918945312,27.037158966064453,6.38660192489624
17400,2.8297557830810547,4.820263862609863,3.3979694843292236
17700,3.061180830001831,9.39913272857666,4.554209232330322
18000,2.853623628616333,18.511009216308594,4.588420391082764
18300,2.7618911266326904,20.265222549438477,6.781026840209961
18600,2.839059829711914,4.46869421005249,3.399855613708496
18900,2.732790470123291,8.936383247375488,3.7443718910217285
19200,2.949009418487549,10.676787376403809,4.768319606781006
19500,3.0303895473480225,21.301372528076172,6.649651527404785
19800,2.8362889289855957,11.362714767456055,4.109533309936523
20100,2.7777650356292725,11.172701835632324,4.989211082458496
20400,3.0086770057678223,11.761155128479004,5.019179344177246
20700,2.907353401184082,19.438087463378906,6.45928955078125
21000,2.8210036754608154,5.5703654289245605,3.500123977661133
21300,3.133211135864258,9.367728233337402,4.718992233276367
21600,2.848597288131714,16.87089729309082,4.641908645629883
21900,3.046771764755249,33.31369400024414,6.504581451416016
22200,2.977410316467285,4.546376705169678,3.477804660797119
22500,2.8702051639556885,11.493721961975098,4.641515254974365
22800,2.8042404651641846,20.203157424926758,4.7043890953063965
23100,2.9058711528778076,29.73833465576172,6.480463027954102
23400,2.8499348163604736,4.504968643188477,3.3232014179229736
23700,2.8213698863983154,6.899560928344727,3.7288663387298584
24000,2.901988983154297,17.363208770751953,4.677279472351074
24300,2.88848876953125,28.713621139526367,6.335371017456055
24600,3.2155940532684326,14.61439323425293,8.450754165649414
24900,2.9863297939300537,8.563094139099121,4.722285270690918
25200,2.76578688621521,20.356407165527344,4.601888179779053
25500,2.973008871078491,33.25556182861328,6.4073357582092285
25800,2.7630162239074707,4.245174407958984,3.4329397678375244
26100,2.6914265155792236,7.160981178283691,3.739680051803589
26400,2.764141321182251,20.543758392333984,4.697932243347168
26700,3.0259015560150146,33.91886901855469,6.876998424530029
27000,2.7511308193206787,4.113556385040283,3.2992122173309326
27300,2.817375898361206,6.957006454467773,3.7702741622924805
27600,2.876081943511963,19.68815040588379,4.73984432220459
27900,2.796509265899658,33.470523834228516,6.425636291503906
28200,2.7411060333251953,4.4562177658081055,3.4025468826293945
28500,2.771244764328003,8.900989532470703,4.459199905395508
28800,2.893470525741577,18.537906646728516,4.698022365570068
29100,2.6516096591949463,31.783737182617188,6.236931324005127
29400,2.6758620738983154,4.875313758850098,3.5672760009765625
29700,2.7227091789245605,7.339591979980469,3.5698282718658447
30000,2.9123501777648926,14.24073600769043,4.901490211486816
30300,3.001127243041992,30.978485107421875,6.707006454467773
30600,2.803440809249878,5.326440334320068,3.5117173194885254
30900,2.757143497467041,6.901839733123779,3.552048921585083
31200,2.774878978729248,19.64316749572754,4.847382068634033
31500,2.7634499073028564,34.66099548339844,6.244287967681885
31800,2.72365403175354,5.303896903991699,3.5372233390808105
32100,2.760178327560425,7.492557525634766,4.276984691619873
32400,2.822657346725464,18.879289627075195,4.760222434997559
32700,2.751185417175293,33.886802673339844,6.251221179962158
33000,2.890876054763794,5.191622734069824,3.573601007461548
33300,2.6997792720794678,7.717504978179932,3.5443472862243652
33600,2.821622371673584,17.53959846496582,4.8702545166015625
33900,2.954179525375366,35.484920501708984,6.286861419677734
34200,2.774509906768799,5.5463480949401855,3.5104238986968994
34500,2.7092885971069336,7.859286785125732,3.6959304809570312
34800,2.6899983882904053,19.736597061157227,4.9586896896362305
35100,2.6603777408599854,39.275360107421875,6.23561429977417
35400,2.7997047901153564,4.600630283355713,3.5632741451263428
35700,2.585050582885742,8.743071556091309,4.311533451080322
36000,2.643219470977783,11.21131420135498,4.766653060913086
36300,2.7782955169677734,34.856746673583984,6.266256332397461
36600,2.8309059143066406,5.151968955993652,3.60329008102417
36900,2.609374761581421,8.387757301330566,3.545299530029297
37200,2.708806037902832,19.930400848388672,4.87218713760376
37500,2.6512322425842285,36.521507263183594,6.2841386795043945
37800,2.6899986267089844,5.80535888671875,3.4964253902435303
38100,2.819044351577759,7.522890090942383,3.5903701782226562
38400,2.789609670639038,13.080638885498047,4.886632919311523
38700,2.7452375888824463,41.13713455200195,6.195524215698242
39000,2.823896884918213,5.0314621925354,3.5278985500335693
39300,2.845590353012085,7.9845805168151855,3.937861680984497
39600,2.662132740020752,13.35809326171875,5.111170768737793
39900,2.7141430377960205,34.65532302856445,5.889340400695801
40200,2.7756903171539307,6.8141913414001465,3.92638897895813
40500,2.7278337478637695,4.216623783111572,3.212826728820801
40800,2.947756052017212,20.479808807373047,5.19784688949585
41100,2.8693785667419434,35.47605895996094,6.02818489074707
41400,2.842048406600952,6.55591344833374,3.8153340816497803
41700,2.7860796451568604,4.143110275268555,3.27687668800354
42000,2.8537397384643555,12.766081809997559,5.246466636657715
42300,2.802791118621826,33.13481140136719,6.2292680740356445
42600,2.766164779663086,6.910842418670654,3.8872087001800537
42900,2.818455457687378,10.971938133239746,4.010347366333008
43200,2.614985942840576,16.767621994018555,5.165306091308594
43500,2.6810302734375,33.269535064697266,5.897348403930664
43800,2.7404465675354004,7.108470916748047,3.918062210083008
44100,2.661053419113159,4.174838066101074,3.2506396770477295
44400,2.918851375579834,19.161964416503906,5.159053802490234
44700,2.7751030921936035,31.872777938842773,6.024834156036377
45000,2.9246392250061035,6.493697166442871,3.823570728302002
45300,2.6085996627807617,4.644346237182617,3.2382893562316895
45600,3.129922866821289,20.961942672729492,5.547791004180908
45900,2.7539751529693604,37.11017990112305,6.391565799713135
46200,2.911416530609131,7.163532257080078,3.895174980163574
46500,2.775935411453247,4.530414581298828,3.343585252761841
46800,2.8479361534118652,18.48258399963379,5.753623008728027
47100,2.701984167098999,29.541122436523438,5.84133243560791
47400,2.912046194076538,6.384276866912842,3.9186036586761475
47700,2.682607650756836,4.252455234527588,3.2215397357940674
48000,2.884500026702881,17.13120460510254,5.198115825653076
48300,3.020930767059326,28.87034797668457,6.023359298706055
48600,2.545748710632324,6.729001998901367,3.8748714923858643
48900,2.7085206508636475,4.614985466003418,3.2681429386138916
49200,2.8164429664611816,22.54298973083496,5.302799701690674
49500,2.8543381690979004,28.48804473876953,5.887887477874756
49800,2.827500343322754,6.571707248687744,3.859652042388916
50100,2.6353647708892822,4.314235687255859,3.2829840183258057
50400,2.7998504638671875,22.615747451782227,5.746780872344971
50700,2.6541967391967773,24.301189422607422,5.84530782699585
51000,2.759098768234253,5.30586576461792,3.944019079208374
51300,2.731010913848877,4.365525722503662,3.220611095428467
51600,2.876695394515991,21.196348190307617,5.174607753753662
51900,2.8688788414001465,28.598377227783203,5.990357875823975
52200,2.7848596572875977,6.6098527908325195,3.8046414852142334
52500,2.6897952556610107,4.49995756149292,3.229858875274658
52800,2.718744993209839,19.836578369140625,5.127628803253174
53100,2.7605364322662354,19.767745971679688,5.896778583526611
53400,2.8745436668395996,7.163780689239502,3.876518726348877
53700,3.562178134918213,13.483052253723145,8.63123607635498
54000,2.758883237838745,20.633739471435547,5.756136417388916
54300,2.8724582195281982,19.500638961791992,6.192380905151367
54600,2.7663137912750244,6.715379238128662,3.8837099075317383
54900,2.67903470993042,4.366796493530273,3.2117910385131836
55200,2.6981050968170166,18.53620147705078,5.1740498542785645
55500,3.080303430557251,24.248981475830078,5.935075759887695
55800,2.5684573650360107,7.053381443023682,3.8255133628845215
56100,2.668079376220703,4.0694427490234375,3.2637948989868164
56400,2.818035364151001,12.162652015686035,5.271887302398682
56700,2.8237247467041016,21.419633865356445,5.893934726715088
57000,2.7741801738739014,6.5229268074035645,3.8797762393951416
57300,2.71979022026062,4.491304397583008,3.336463689804077
57600,2.660083293914795,21.676530838012695,5.759915351867676
57900,2.8216662406921387,22.867002487182617,5.9042463302612305
58200,2.7837817668914795,6.692453384399414,3.913033962249756
58500,2.7721946239471436,4.413194179534912,3.271369695663452
58800,2.810199737548828,16.9093017578125,5.1986236572265625
59100,2.864987373352051,17.264623641967773,6.0544891357421875
59400,2.7731711864471436,6.627377510070801,3.821274757385254
59700,2.6550707817077637,4.013553619384766,3.2434659004211426
60000,2.758591651916504,24.150936126708984,5.172382354736328
60300,2.8982391357421875,19.31520652770996,5.885644912719727
60600,2.8427748680114746,6.4775214195251465,3.8485970497131348
60900,2.7129359245300293,4.276259899139404,3.334418773651123
61200,2.8803770542144775,19.658681869506836,5.7133307456970215
61500,2.6525931358337402,17.87933349609375,5.98296594619751
61800,2.908550500869751,7.178158283233643,3.909498453140259
62100,2.6597397327423096,4.040055751800537,3.205549955368042
62400,2.95703387260437,20.973480224609375,5.193948745727539
62700,3.0084614753723145,22.87131690979004,6.506838321685791
63000,2.809366464614868,6.387874126434326,3.9130494594573975
63300,2.8087263107299805,3.9849016666412354,3.3136041164398193
63600,2.8611505031585693,19.72897720336914,5.4914350509643555
63900,2.800783634185791,23.920801162719727,5.948121547698975
64200,3.0761966705322266,6.653702259063721,3.9386301040649414
64500,2.7736353874206543,4.463942527770996,3.5067408084869385
64800,2.8869197368621826,18.553241729736328,5.814655780792236
65100,2.7237324714660645,25.8620662689209,5.942036151885986
65400,3.0167665481567383,7.048727512359619,3.9697587490081787
65700,2.7417538166046143,4.555964469909668,3.269474506378174
66000,2.767688751220703,14.474091529846191,5.166675567626953
66300,2.7200071811676025,26.094520568847656,6.262576103210449
66600,2.8690664768218994,6.331422805786133,3.8305301666259766
66900,2.7004244327545166,3.82609486579895,3.208024024963379
67200,2.7955398559570312,19.177488327026367,5.211097240447998
67500,2.795032262802124,34.17317581176758,5.894194602966309
67800,2.788499116897583,6.587750434875488,3.8795857429504395
68100,2.9509806632995605,4.015049457550049,3.342013359069824
68400,2.9458394050598145,19.77666664123535,5.792313575744629
68700,2.862320899963379,34.40497589111328,5.896181583404541
69000,2.6688833236694336,6.584181308746338,3.922036647796631
69300,2.7421281337738037,4.52082633972168,3.2207300662994385
69600,2.8869662284851074,16.168498992919922,5.173585414886475
69900,2.8593955039978027,35.496917724609375,5.969358921051025
70200,2.594768524169922,6.499793529510498,3.822338342666626
70500,2.7976489067077637,4.299328327178955,3.2791433334350586
70800,2.7132625579833984,18.31128692626953,5.259701251983643
71100,2.7690117359161377,36.89872360229492,5.900984287261963
71400,2.7473361492156982,6.622016906738281,3.923999071121216
71700,2.81516170501709,4.294703006744385,3.364720582962036
72000,2.871110200881958,17.118871688842773,5.730607509613037
72300,2.8855302333831787,33.56785202026367,5.909897327423096
72600,2.7373924255371094,7.046515941619873,3.9039347171783447
72900,2.7065210342407227,4.135592937469482,3.2333736419677734
73200,2.9539849758148193,19.428850173950195,5.162509441375732
73500,2.971048593521118,31.9915714263916,6.0006327629089355
73800,2.7396953105926514,6.928317070007324,3.8624393939971924
74100,2.6194424629211426,3.9337313175201416,3.2436039447784424
74400,3.0603222846984863,18.376258850097656,5.447422981262207
74700,2.7334952354431152,35.433868408203125,5.909058094024658
75000,2.688667058944702,6.3028693199157715,3.8792905807495117
75300,2.5975000858306885,3.960212230682373,3.3578615188598633
75600,2.8637027740478516,19.152368545532227,5.354461193084717
75900,2.8289828300476074,38.9232292175293,6.251449108123779
76200,3.02011775970459,6.553414821624756,3.9397735595703125
76500,2.5960540771484375,4.1688618659973145,3.240706443786621
76800,2.946027994155884,17.31395721435547,5.137206554412842
77100,2.6995184421539307,39.249603271484375,6.080828666687012
77400,2.7578461170196533,6.189610004425049,3.8675005435943604
77700,2.8137030601501465,4.042186737060547,3.289942502975464
78000,3.0444116592407227,19.62442970275879,5.3300018310546875
78300,2.790360927581787,37.426631927490234,5.903515815734863
78600,2.860196828842163,6.869955062866211,3.9371488094329834
78900,2.8597254753112793,4.2113118171691895,3.445650815963745
79200,3.0779531002044678,16.844377517700195,5.157205581665039
79500,2.9839272499084473,34.96723937988281,6.596989631652832
79800,2.9797277450561523,6.874742031097412,3.976853132247925
80100,2.6638600826263428,4.258299350738525,3.259107828140259
80400,2.9663286209106445,12.655619621276855,5.149559020996094
80700,2.9777400493621826,33.04458236694336,5.999902248382568
81000,2.780024528503418,6.748963832855225,3.828179359436035
81300,2.643092393875122,4.0217180252075195,3.2621560096740723
81600,3.0596680641174316,13.17025089263916,5.166385173797607
81900,2.8768999576568604,34.1705207824707,5.881093978881836
82200,2.968881368637085,6.269314289093018,3.830416202545166
82500,2.7506346702575684,11.576370239257812,4.383766174316406
82800,2.931267738342285,21.872331619262695,9.24344253540039
83100,2.956848382949829,33.231075286865234,6.519013404846191
83400,2.7901787757873535,6.514824867248535,3.936619997024536
83700,2.8833742141723633,4.101978778839111,3.3052244186401367
84000,2.9305601119995117,17.108346939086914,5.144780158996582
84300,2.9748451709747314,34.45722579956055,5.994450569152832
84600,2.882681131362915,6.463240146636963,3.871894598007202
84900,2.694671869277954,4.145872116088867,3.2447948455810547
85200,3.1103365421295166,17.74734115600586,5.330098628997803
85500,2.8488564491271973,25.56961441040039,5.8417649269104
85800,2.6975865364074707,6.033085346221924,3.8515398502349854
86100,2.7355966567993164,3.6446871757507324,3.3069839477539062
86400,2.951660394668579,20.516143798828125,5.310443878173828
86700,2.641698122024536,32.17918395996094,6.457305908203125
87000,2.786400556564331,6.758842468261719,3.943084716796875
87300,2.7452118396759033,4.021468162536621,3.200249195098877
87600,2.7014458179473877,22.223913192749023,5.189321517944336
87900,3.008875846862793,23.276718139648438,6.1160888671875
88200,2.7987799644470215,6.832189559936523,3.954070806503296
88500,2.7674412727355957,3.82159161567688,3.212951421737671
88800,2.8319294452667236,19.619667053222656,5.188633918762207
89100,2.77587628364563,18.680728912353516,5.81834077835083
89400,2.805173397064209,6.866995811462402,3.8621082305908203
89700,2.832416534423828,3.9450390338897705,3.354126214981079
90000,2.758565664291382,18.8162899017334,5.140227317810059
90300,2.9618279933929443,24.509544372558594,6.474865913391113
90600,2.7745351791381836,7.273779392242432,4.083710193634033
90900,2.8140478134155273,3.8828351497650146,3.2229552268981934
91200,2.7722296714782715,17.57388687133789,5.174739360809326
91500,2.9355595111846924,19.642301559448242,5.979437828063965
91800,2.928654193878174,6.832071304321289,3.941267490386963
92100,2.840836524963379,3.878264904022217,3.3288192749023438
92400,2.9033491611480713,25.371370315551758,5.361573696136475
92700,2.5384936332702637,20.56597900390625,5.911794185638428
93000,2.8046257495880127,6.652035236358643,3.7989730834960938
93300,2.799041748046875,4.9941086769104,3.5545756816864014
93600,2.731781005859375,23.07230567932129,4.975362300872803
93900,2.978614568710327,18.774372100830078,6.671490669250488
94200,2.940993547439575,7.372058391571045,3.791353225708008
94500,2.7914958000183105,5.282556056976318,3.380103349685669
94800,3.003648042678833,19.70760726928711,5.204446792602539
95100,2.8538191318511963,20.090591430664062,6.147078514099121
95400,2.8184356689453125,6.934103488922119,3.702120304107666
95700,2.6639184951782227,6.0605058670043945,3.422178030014038
96000,3.008061647415161,24.794801712036133,5.097363471984863
96300,2.9339659214019775,22.77411460876465,6.097822666168213
96600,2.8046693801879883,6.9922356605529785,3.7370967864990234
96900,2.628741979598999,7.747375011444092,3.9897000789642334
97200,2.907317638397217,19.09755516052246,4.906915187835693
97500,2.775843858718872,27.931724548339844,6.6133270263671875
97800,2.775132417678833,7.237786769866943,3.7747344970703125
98100,2.7505130767822266,5.175304412841797,3.34773850440979
98400,3.003741979598999,16.340810775756836,5.025676727294922
98700,2.899437665939331,28.416465759277344,6.160305500030518
99000,2.9875359535217285,6.789092540740967,3.7203123569488525
99300,2.7701807022094727,5.168547630310059,3.454108238220215
99600,2.9579179286956787,21.096036911010742,5.127648830413818
99900,2.8371129035949707,29.727447509765625,6.010162830352783
100200,2.890982151031494,6.37165641784668,3.730832815170288
100500,2.5011630058288574,5.395986080169678,3.5281009674072266
100800,2.5840437412261963,21.341053009033203,4.955583095550537
101100,2.8359789848327637,34.45758056640625,6.670879364013672
101400,2.9136974811553955,6.700984477996826,3.78055739402771
101700,2.684163808822632,4.9003448486328125,3.343309164047241
102000,2.8286943435668945,21.108278274536133,5.018074035644531
102300,2.696023941040039,31.59490966796875,6.180782794952393
102600,2.87026309967041,6.589081764221191,3.698040008544922
102900,2.817744731903076,86.89079284667969,13.9732084274292
103200,2.895148754119873,20.986621856689453,5.244667053222656
103500,2.8128502368927,32.6862678527832,6.063845634460449
103800,3.035224676132202,6.912803649902344,3.823251724243164
104100,2.9203500747680664,5.127336502075195,3.56351637840271
104400,2.7750155925750732,22.37251091003418,5.016068458557129
104700,2.967649459838867,34.19237518310547,6.714879512786865
105000,2.9292385578155518,7.165714263916016,3.7810068130493164
105300,2.762579917907715,5.053380012512207,3.3458874225616455
105600,2.7628173828125,20.413095474243164,5.104815483093262
105900,2.9885478019714355,33.677555084228516,6.2625627517700195
106200,2.9286398887634277,9.974485397338867,4.6178507804870605
106500,2.6561055183410645,14.075915336608887,4.723472595214844
106800,2.914741277694702,22.558809280395508,5.5677971839904785
120300,2.9125099182128906,39.96650314331055,6.192849636077881
120600,2.848538637161255,6.900572776794434,3.6892240047454834
120900,2.808577299118042,5.414759635925293,3.4940996170043945
121200,2.739170551300049,21.664775848388672,5.113996505737305
121500,2.857471227645874,34.801849365234375,6.021627426147461
121800,2.7623045444488525,6.740635871887207,3.711115598678589
122100,2.716526508331299,5.475805759429932,3.515984535217285
122400,2.901259422302246,7.405683994293213,3.8964784145355225
122700,2.7883567810058594,37.66326141357422,6.052626609802246
123000,2.990370988845825,7.1834917068481445,4.47621488571167
123300,2.781937599182129,5.2241339683532715,3.4556357860565186
123600,2.907869577407837,17.493663787841797,5.090888023376465
123900,2.817673683166504,38.261024475097656,6.2357048988342285
124200,2.8250715732574463,6.953902244567871,3.7365756034851074
124500,2.7823128700256348,5.15168571472168,3.436695098876953
124800,2.893357276916504,17.374326705932617,5.086325168609619
125100,2.775197982788086,39.351558685302734,6.058248996734619
125400,2.706132650375366,6.945120334625244,3.712157964706421
125700,2.7872207164764404,5.434696197509766,3.573756694793701
126000,2.7909555435180664,19.631013870239258,4.9502482414245605
126300,2.8211231231689453,30.86809539794922,6.0118231773376465
126600,2.920369863510132,6.613027095794678,3.9812116622924805
126900,2.682440757751465,5.167037010192871,3.3858797550201416
127200,2.766817331314087,20.46754264831543,5.052975177764893
127500,2.8410587310791016,32.99011993408203,6.166118144989014
127800,2.737316370010376,6.699793815612793,3.6746132373809814
128100,2.7761788368225098,5.311615943908691,3.450148344039917
128400,2.7589166164398193,16.5938777923584,5.138670444488525
128700,2.8329827785491943,29.571090698242188,6.03917932510376
